track_name,artist_name,genre,danceability,energy,valence,tempo,popularity
Track 1,Bad Bunny,Pop,0.51,0.57,0.4,136.5,48
Track 2,The Weeknd,Latin,0.71,0.49,0.72,154.0,43
Track 3,Ariana Grande,Electronic,0.72,0.62,0.4,127.6,90
Track 4,Ed Sheeran,Indie,0.77,0.68,0.9,94.9,63
Track 5,Bad Bunny,Electronic,0.47,0.33,0.68,143.3,53
Track 6,Post Malone,Electronic,0.76,0.38,0.44,78.8,44
Track 7,Billie Eilish,Electronic,0.85,0.66,0.4,118.6,57
Track 8,Bad Bunny,Electronic,0.49,0.52,0.34,88.0,81
Track 9,Ariana Grande,Alternative,0.52,0.77,0.72,90.3,96
Track 10,Ed Sheeran,Alternative,0.89,0.72,0.36,92.3,58
Track 11,The Weeknd,Latin,0.49,0.85,0.65,112.5,51
Track 12,Ariana Grande,Hip-Hop,0.83,0.75,0.4,75.6,57
Track 13,Ariana Grande,Pop,0.65,0.58,0.7,113.8,56
Track 14,Billie Eilish,Electronic,0.52,0.74,0.81,126.3,69
Track 15,Doja Cat,Latin,0.84,0.48,0.78,123.2,63
Track 16,Ed Sheeran,Hip-Hop,0.62,0.5,0.77,112.1,50
Track 17,Drake,Pop,0.66,0.81,0.34,162.3,74
Track 18,Ariana Grande,K-Pop,0.58,0.59,0.27,86.0,62
Track 19,Doja Cat,Indie,0.7,0.82,0.72,125.6,56
Track 20,Drake,Alternative,0.48,0.83,0.48,76.8,40
Track 21,Ed Sheeran,K-Pop,0.6,0.86,0.52,77.8,54
Track 22,Taylor Swift,Pop,0.88,0.9,0.22,133.1,71
Track 23,Post Malone,K-Pop,0.53,0.58,0.39,132.3,99
Track 24,Doja Cat,Indie,0.73,0.51,0.23,166.6,48
Track 25,BTS,Latin,0.56,0.68,0.86,131.4,54
Track 26,Taylor Swift,Pop,0.79,0.54,0.38,175.6,67
Track 27,Post Malone,K-Pop,0.47,0.69,0.62,75.4,63
Track 28,Billie Eilish,Alternative,0.88,0.76,0.23,80.8,99
Track 29,Bad Bunny,Alternative,0.63,0.75,0.7,74.8,74
Track 30,The Weeknd,Hip-Hop,0.52,0.54,0.44,90.4,61
Track 31,BTS,K-Pop,0.44,0.41,0.87,129.5,66
Track 32,Billie Eilish,Electronic,0.48,0.58,0.87,141.0,58
Track 33,Ed Sheeran,K-Pop,0.66,0.39,0.44,75.0,84
Track 34,Billie Eilish,Latin,0.57,0.88,0.88,174.1,51
Track 35,Bad Bunny,Pop,0.81,0.52,0.95,162.6,59
Track 36,Ed Sheeran,Pop,0.62,0.4,0.82,102.6,40
Track 37,BTS,Latin,0.52,0.32,0.83,78.5,60
Track 38,Bad Bunny,K-Pop,0.71,0.72,0.39,88.7,88
Track 39,Drake,Latin,0.75,0.71,0.63,84.0,84
Track 40,The Weeknd,Indie,0.48,0.52,0.25,83.6,40
Track 41,BTS,Latin,0.48,0.35,0.27,127.0,49
Track 42,Drake,Alternative,0.42,0.57,0.95,97.0,86
Track 43,Post Malone,Latin,0.77,0.5,0.44,109.4,98
Track 44,BTS,Pop,0.73,0.74,0.76,178.8,98
Track 45,Post Malone,Alternative,0.64,0.69,0.8,145.3,71
Track 46,Ed Sheeran,Pop,0.82,0.54,0.84,174.4,78
Track 47,Drake,Hip-Hop,0.8,0.44,0.95,85.7,99
Track 48,The Weeknd,Electronic,0.69,0.94,0.38,112.0,61
Track 49,Bad Bunny,Pop,0.83,0.6,0.23,131.0,57
Track 50,Ariana Grande,Alternative,0.5,0.75,0.51,78.4,87
Track 51,Billie Eilish,Hip-Hop,0.46,0.39,0.3,70.5,85
Track 52,Taylor Swift,Pop,0.53,0.62,0.22,143.7,71
Track 53,The Weeknd,Indie,0.43,0.32,0.47,140.6,66
Track 54,Drake,Latin,0.67,0.63,0.79,115.2,67
Track 55,Ariana Grande,Electronic,0.87,0.93,0.62,123.9,57
Track 56,The Weeknd,Pop,0.42,0.55,0.43,115.7,98
Track 57,Drake,Hip-Hop,0.46,0.33,0.69,72.6,78
Track 58,Doja Cat,Indie,0.63,0.32,0.37,106.9,88
Track 59,Doja Cat,K-Pop,0.87,0.55,0.21,89.5,68
Track 60,Post Malone,Hip-Hop,0.56,0.4,0.77,80.8,57
Track 61,The Weeknd,Latin,0.65,0.32,0.67,175.2,83
Track 62,Doja Cat,Hip-Hop,0.42,0.79,0.77,135.9,47
Track 63,Drake,Indie,0.47,0.6,0.23,150.2,93
Track 64,Post Malone,Hip-Hop,0.89,0.49,0.83,104.7,70
Track 65,Drake,Indie,0.88,0.89,0.66,113.2,73
Track 66,Post Malone,Pop,0.4,0.38,0.62,96.1,46
Track 67,The Weeknd,Indie,0.88,0.92,0.67,80.7,75
Track 68,Ariana Grande,Indie,0.72,0.5,0.85,89.7,57
Track 69,Bad Bunny,Electronic,0.83,0.88,0.64,157.7,99
Track 70,BTS,Indie,0.63,0.69,0.64,144.5,77
Track 71,Ariana Grande,Indie,0.66,0.84,0.94,130.2,98
Track 72,Ed Sheeran,K-Pop,0.64,0.94,0.77,122.3,48
Track 73,Drake,Pop,0.73,0.49,0.53,171.5,98
Track 74,Ed Sheeran,Latin,0.47,0.92,0.73,78.0,48
Track 75,Ariana Grande,Electronic,0.41,0.55,0.49,100.9,85
Track 76,Post Malone,K-Pop,0.55,0.55,0.37,108.5,47
Track 77,BTS,Alternative,0.75,0.52,0.65,156.1,90
Track 78,BTS,Pop,0.5,0.65,0.9,179.2,74
Track 79,Taylor Swift,Pop,0.74,0.4,0.9,96.5,57
Track 80,BTS,Alternative,0.88,0.66,0.46,166.2,44
Track 81,Bad Bunny,Latin,0.45,0.65,0.6,161.4,53
Track 82,BTS,Indie,0.74,0.8,0.36,94.7,67
Track 83,Ariana Grande,K-Pop,0.62,0.84,0.95,113.9,69
Track 84,Taylor Swift,Hip-Hop,0.83,0.59,0.94,115.1,43
Track 85,Ariana Grande,Electronic,0.49,0.5,0.69,177.6,78
Track 86,Ariana Grande,Hip-Hop,0.75,0.47,0.8,89.9,59
Track 87,Billie Eilish,Alternative,0.82,0.43,0.74,157.9,64
Track 88,Taylor Swift,Pop,0.87,0.34,0.64,106.8,67
Track 89,Ariana Grande,Latin,0.74,0.52,0.24,150.4,51
Track 90,Billie Eilish,Pop,0.65,0.48,0.54,116.2,41
Track 91,Billie Eilish,Electronic,0.71,0.93,0.71,133.6,82
Track 92,Taylor Swift,Pop,0.83,0.66,0.71,161.6,53
Track 93,Ed Sheeran,Pop,0.69,0.53,0.48,158.5,61
Track 94,Post Malone,Electronic,0.42,0.68,0.91,165.3,70
Track 95,Bad Bunny,K-Pop,0.87,0.39,0.33,76.6,62
Track 96,Post Malone,K-Pop,0.74,0.59,0.58,146.1,87
Track 97,BTS,Electronic,0.74,0.71,0.72,85.4,59
Track 98,Bad Bunny,Latin,0.51,0.62,0.72,115.7,77
Track 99,BTS,Alternative,0.73,0.56,0.69,130.3,94
Track 100,Ariana Grande,Pop,0.6,0.95,0.41,114.3,43
Track 101,Drake,Latin,0.73,0.87,0.32,127.2,54
Track 102,Taylor Swift,Pop,0.45,0.71,0.68,179.6,63
Track 103,Bad Bunny,Alternative,0.73,0.67,0.65,84.9,64
Track 104,Bad Bunny,K-Pop,0.9,0.7,0.33,144.3,40
Track 105,Ariana Grande,Latin,0.42,0.43,0.73,113.6,46
Track 106,Ed Sheeran,Indie,0.89,0.56,0.54,84.6,96
Track 107,Billie Eilish,Indie,0.6,0.33,0.7,87.5,70
Track 108,Ariana Grande,Indie,0.84,0.61,0.83,174.4,51
Track 109,Doja Cat,K-Pop,0.79,0.65,0.33,166.8,81
Track 110,Billie Eilish,K-Pop,0.68,0.45,0.21,169.8,44
Track 111,Taylor Swift,Alternative,0.77,0.93,0.78,179.1,83
Track 112,Billie Eilish,Pop,0.84,0.89,0.66,92.9,89
Track 113,Ed Sheeran,Alternative,0.6,0.77,0.72,109.1,81
Track 114,Billie Eilish,Alternative,0.56,0.65,0.83,143.6,77
Track 115,Taylor Swift,K-Pop,0.73,0.87,0.8,123.2,99
Track 116,Ed Sheeran,Indie,0.8,0.38,0.92,116.0,51
Track 117,Post Malone,Hip-Hop,0.78,0.81,0.6,109.4,78
Track 118,Bad Bunny,Pop,0.8,0.38,0.57,135.3,57
Track 119,Bad Bunny,K-Pop,0.62,0.82,0.5,133.3,41
Track 120,BTS,Indie,0.81,0.48,0.32,87.8,49
Track 121,Post Malone,Latin,0.46,0.87,0.63,121.9,54
Track 122,Post Malone,Hip-Hop,0.67,0.91,0.41,130.9,69
Track 123,Billie Eilish,Hip-Hop,0.4,0.4,0.89,132.7,83
Track 124,Bad Bunny,K-Pop,0.56,0.6,0.64,93.1,97
Track 125,Taylor Swift,Electronic,0.58,0.94,0.64,151.6,56
Track 126,The Weeknd,Pop,0.6,0.61,0.47,72.8,43
Track 127,The Weeknd,Hip-Hop,0.75,0.86,0.24,109.0,46
Track 128,Ed Sheeran,K-Pop,0.59,0.68,0.22,155.8,80
Track 129,Bad Bunny,K-Pop,0.62,0.54,0.52,132.0,70
Track 130,Bad Bunny,Indie,0.52,0.49,0.26,98.7,90
Track 131,The Weeknd,Latin,0.59,0.43,0.66,146.4,99
Track 132,Bad Bunny,Electronic,0.51,0.8,0.86,132.4,98
Track 133,Billie Eilish,Pop,0.44,0.55,0.86,157.6,94
Track 134,Doja Cat,Alternative,0.7,0.63,0.69,150.9,78
Track 135,Drake,Latin,0.73,0.62,0.36,137.1,94
Track 136,Post Malone,Latin,0.71,0.68,0.85,123.7,73
Track 137,BTS,Indie,0.63,0.86,0.86,84.7,45
Track 138,Ed Sheeran,Hip-Hop,0.59,0.94,0.35,98.7,89
Track 139,Doja Cat,Hip-Hop,0.83,0.56,0.75,116.1,77
Track 140,The Weeknd,Indie,0.66,0.84,0.41,135.9,84
Track 141,Post Malone,K-Pop,0.64,0.8,0.8,126.5,97
Track 142,Bad Bunny,Hip-Hop,0.41,0.67,0.95,101.7,90
Track 143,BTS,Electronic,0.57,0.92,0.22,70.7,73
Track 144,Bad Bunny,Pop,0.59,0.43,0.87,124.6,83
Track 145,Taylor Swift,Latin,0.6,0.37,0.67,101.4,54
Track 146,Taylor Swift,Latin,0.69,0.86,0.93,150.8,53
Track 147,BTS,Electronic,0.67,0.59,0.55,72.6,45
Track 148,BTS,Hip-Hop,0.7,0.85,0.84,134.3,89
Track 149,The Weeknd,Latin,0.78,0.88,0.25,173.6,76
Track 150,BTS,Alternative,0.81,0.34,0.45,89.2,89
Track 151,Billie Eilish,Pop,0.76,0.87,0.25,121.9,71
Track 152,Bad Bunny,Pop,0.88,0.59,0.93,80.1,42
Track 153,Doja Cat,Latin,0.41,0.63,0.81,138.8,42
Track 154,Ariana Grande,Indie,0.5,0.71,0.84,130.6,61
Track 155,BTS,Latin,0.4,0.9,0.9,114.8,61
Track 156,Ed Sheeran,Indie,0.72,0.31,0.26,127.4,49
Track 157,Taylor Swift,Latin,0.85,0.61,0.49,168.6,90
Track 158,Billie Eilish,Alternative,0.52,0.75,0.25,91.6,42
Track 159,Post Malone,K-Pop,0.86,0.77,0.36,72.5,51
Track 160,Ariana Grande,Pop,0.43,0.75,0.37,164.8,68
Track 161,Doja Cat,Latin,0.87,0.39,0.55,133.5,87
Track 162,Ariana Grande,Alternative,0.58,0.49,0.4,168.0,56
Track 163,BTS,Indie,0.45,0.53,0.28,135.7,46
Track 164,The Weeknd,Indie,0.64,0.82,0.33,159.1,52
Track 165,Taylor Swift,Pop,0.53,0.48,0.31,117.3,95
Track 166,Taylor Swift,Electronic,0.54,0.44,0.93,152.5,41
Track 167,Post Malone,Latin,0.55,0.92,0.77,170.4,43
Track 168,The Weeknd,Hip-Hop,0.8,0.31,0.93,132.9,49
Track 169,Bad Bunny,Indie,0.67,0.95,0.53,89.9,78
Track 170,Drake,K-Pop,0.56,0.74,0.41,99.6,63
Track 171,Billie Eilish,K-Pop,0.71,0.84,0.8,91.9,56
Track 172,Taylor Swift,Indie,0.76,0.49,0.44,97.2,91
Track 173,Ed Sheeran,Electronic,0.54,0.31,0.42,103.7,45
Track 174,Taylor Swift,Electronic,0.61,0.78,0.37,131.1,58
Track 175,Ariana Grande,Alternative,0.46,0.84,0.3,134.7,44
Track 176,Taylor Swift,K-Pop,0.49,0.78,0.39,116.9,71
Track 177,Taylor Swift,Alternative,0.74,0.39,0.47,137.7,49
Track 178,Drake,K-Pop,0.49,0.79,0.71,79.0,48
Track 179,Drake,Latin,0.66,0.8,0.25,79.7,66
Track 180,Doja Cat,Latin,0.75,0.73,0.36,88.9,52
Track 181,Bad Bunny,Hip-Hop,0.45,0.8,0.81,127.0,58
Track 182,Ed Sheeran,Latin,0.68,0.85,0.31,93.5,60
Track 183,Taylor Swift,Hip-Hop,0.53,0.7,0.46,101.2,63
Track 184,Taylor Swift,Latin,0.88,0.36,0.85,114.0,77
Track 185,Billie Eilish,Pop,0.64,0.62,0.32,159.3,43
Track 186,Drake,Latin,0.8,0.35,0.26,71.5,63
Track 187,Ed Sheeran,Alternative,0.68,0.56,0.56,141.4,98
Track 188,Post Malone,Indie,0.42,0.56,0.43,143.6,74
Track 189,Doja Cat,Alternative,0.72,0.34,0.62,157.9,42
Track 190,Bad Bunny,Indie,0.88,0.53,0.8,172.6,43
Track 191,The Weeknd,Electronic,0.7,0.37,0.3,72.2,96
Track 192,Bad Bunny,Alternative,0.81,0.83,0.64,86.9,76
Track 193,Ariana Grande,Electronic,0.84,0.92,0.58,167.5,79
Track 194,Taylor Swift,Hip-Hop,0.51,0.35,0.31,120.4,87
Track 195,Doja Cat,Hip-Hop,0.51,0.92,0.67,132.1,93
Track 196,Ariana Grande,Pop,0.71,0.64,0.41,142.9,74
Track 197,Ed Sheeran,Latin,0.61,0.49,0.57,144.7,70
Track 198,The Weeknd,Alternative,0.82,0.35,0.26,172.5,95
Track 199,Drake,Electronic,0.85,0.63,0.54,179.7,83
Track 200,Doja Cat,Indie,0.58,0.82,0.43,149.2,64
Track 201,Doja Cat,Hip-Hop,0.52,0.76,0.82,101.6,79
Track 202,Taylor Swift,Latin,0.79,0.33,0.24,166.8,52
Track 203,BTS,Hip-Hop,0.54,0.35,0.51,75.4,43
Track 204,Doja Cat,Indie,0.81,0.56,0.54,95.4,85
Track 205,Billie Eilish,Latin,0.61,0.49,0.74,168.7,53
Track 206,The Weeknd,Latin,0.73,0.45,0.63,98.2,52
Track 207,The Weeknd,Electronic,0.45,0.48,0.7,94.3,66
Track 208,Billie Eilish,Electronic,0.71,0.82,0.78,85.2,45
Track 209,Post Malone,Alternative,0.63,0.9,0.85,164.5,56
Track 210,Billie Eilish,Alternative,0.69,0.56,0.44,125.0,75
Track 211,Billie Eilish,K-Pop,0.48,0.89,0.6,144.2,79
Track 212,The Weeknd,K-Pop,0.77,0.51,0.83,96.3,88
Track 213,Bad Bunny,Pop,0.83,0.61,0.94,153.4,74
Track 214,The Weeknd,Hip-Hop,0.51,0.45,0.87,153.6,56
Track 215,BTS,Alternative,0.45,0.72,0.48,104.4,80
Track 216,Taylor Swift,Electronic,0.41,0.94,0.35,115.2,41
Track 217,Ariana Grande,Indie,0.72,0.69,0.57,93.1,96
Track 218,Bad Bunny,Electronic,0.7,0.53,0.76,177.4,52
Track 219,Drake,Hip-Hop,0.67,0.72,0.57,141.0,91
Track 220,Ariana Grande,K-Pop,0.52,0.38,0.56,172.8,41
Track 221,Taylor Swift,Electronic,0.6,0.88,0.83,103.4,91
Track 222,BTS,Pop,0.7,0.63,0.47,156.0,67
Track 223,BTS,Hip-Hop,0.65,0.59,0.84,154.2,82
Track 224,Drake,K-Pop,0.89,0.68,0.51,146.1,98
Track 225,Bad Bunny,Indie,0.47,0.71,0.45,176.2,65
Track 226,Post Malone,K-Pop,0.75,0.35,0.54,113.3,61
Track 227,Billie Eilish,Latin,0.6,0.74,0.77,84.4,86
Track 228,Bad Bunny,Pop,0.61,0.46,0.29,143.9,82
Track 229,Post Malone,Hip-Hop,0.76,0.76,0.35,150.2,94
Track 230,BTS,Indie,0.75,0.83,0.91,133.3,42
Track 231,The Weeknd,Pop,0.9,0.82,0.33,92.7,74
Track 232,Taylor Swift,K-Pop,0.46,0.66,0.63,125.5,99
Track 233,Drake,Pop,0.45,0.64,0.63,104.3,97
Track 234,Taylor Swift,Hip-Hop,0.76,0.39,0.57,117.0,51
Track 235,Ed Sheeran,Alternative,0.69,0.8,0.68,141.0,63
Track 236,Ed Sheeran,Pop,0.54,0.48,0.37,152.0,44
Track 237,Bad Bunny,Latin,0.44,0.62,0.61,95.5,59
Track 238,BTS,Pop,0.44,0.48,0.48,114.6,78
Track 239,BTS,K-Pop,0.85,0.39,0.7,99.6,78
Track 240,Billie Eilish,K-Pop,0.5,0.71,0.31,91.8,52
Track 241,Billie Eilish,Indie,0.56,0.34,0.63,156.2,80
Track 242,Billie Eilish,K-Pop,0.51,0.79,0.34,170.0,96
Track 243,The Weeknd,Electronic,0.58,0.51,0.41,110.7,92
Track 244,Ariana Grande,Hip-Hop,0.43,0.3,0.36,152.6,84
Track 245,Doja Cat,Hip-Hop,0.66,0.63,0.34,168.7,51
Track 246,Ariana Grande,Alternative,0.43,0.33,0.82,163.1,52
Track 247,Taylor Swift,Alternative,0.8,0.48,0.41,90.1,95
Track 248,Ariana Grande,Hip-Hop,0.52,0.76,0.9,175.2,49
Track 249,The Weeknd,Latin,0.67,0.34,0.93,111.4,72
Track 250,Taylor Swift,Alternative,0.84,0.85,0.63,107.3,96
Track 251,Ariana Grande,Indie,0.73,0.3,0.31,76.9,79
Track 252,The Weeknd,K-Pop,0.67,0.46,0.48,123.5,93
Track 253,Doja Cat,Hip-Hop,0.56,0.78,0.8,82.0,55
Track 254,Ariana Grande,Alternative,0.57,0.51,0.48,97.3,84
Track 255,The Weeknd,Hip-Hop,0.73,0.37,0.27,104.9,74
Track 256,Billie Eilish,Electronic,0.9,0.53,0.62,159.0,42
Track 257,BTS,Pop,0.73,0.48,0.83,166.3,95
Track 258,Billie Eilish,K-Pop,0.68,0.85,0.8,103.3,44
Track 259,BTS,Hip-Hop,0.77,0.5,0.33,164.5,65
Track 260,Drake,Pop,0.63,0.81,0.7,164.3,50
Track 261,Drake,Alternative,0.43,0.88,0.37,154.1,46
Track 262,Drake,Pop,0.68,0.58,0.36,86.1,92
Track 263,Doja Cat,K-Pop,0.88,0.89,0.86,145.9,95
Track 264,Billie Eilish,Hip-Hop,0.49,0.55,0.39,174.0,49
Track 265,BTS,Electronic,0.75,0.93,0.4,145.1,81
Track 266,The Weeknd,Latin,0.5,0.36,0.2,106.5,91
Track 267,Taylor Swift,Alternative,0.67,0.75,0.85,125.1,73
Track 268,The Weeknd,Hip-Hop,0.45,0.62,0.79,141.0,42
Track 269,Taylor Swift,K-Pop,0.63,0.55,0.67,126.2,47
Track 270,Ed Sheeran,Alternative,0.78,0.71,0.76,83.2,70
Track 271,The Weeknd,Indie,0.57,0.76,0.31,104.3,50
Track 272,Ariana Grande,Pop,0.73,0.3,0.54,158.3,84
Track 273,Ariana Grande,Latin,0.8,0.41,0.46,164.8,46
Track 274,Bad Bunny,K-Pop,0.86,0.76,0.27,85.1,84
Track 275,Billie Eilish,Indie,0.52,0.73,0.56,174.8,41
Track 276,Taylor Swift,Hip-Hop,0.6,0.93,0.89,106.2,45
Track 277,Taylor Swift,Electronic,0.48,0.79,0.23,142.9,80
Track 278,Billie Eilish,Alternative,0.9,0.92,0.42,152.7,71
Track 279,Doja Cat,Pop,0.86,0.76,0.36,159.3,59
Track 280,Bad Bunny,Alternative,0.67,0.49,0.38,174.0,96
Track 281,Doja Cat,Latin,0.82,0.37,0.88,104.4,73
Track 282,Doja Cat,Hip-Hop,0.66,0.81,0.55,164.4,89
Track 283,Doja Cat,Alternative,0.71,0.72,0.55,84.5,55
Track 284,Billie Eilish,Pop,0.44,0.33,0.77,147.6,64
Track 285,Doja Cat,Hip-Hop,0.78,0.53,0.32,151.6,51
Track 286,Ariana Grande,Alternative,0.46,0.92,0.57,144.5,46
Track 287,Drake,Electronic,0.81,0.63,0.52,97.8,78
Track 288,Ed Sheeran,K-Pop,0.79,0.58,0.65,166.0,56
Track 289,Taylor Swift,Hip-Hop,0.75,0.6,0.95,88.6,84
Track 290,Taylor Swift,K-Pop,0.42,0.44,0.78,75.9,50
Track 291,Ed Sheeran,Hip-Hop,0.55,0.54,0.5,148.9,45
Track 292,Billie Eilish,Electronic,0.53,0.54,0.82,122.3,62
Track 293,The Weeknd,K-Pop,0.58,0.33,0.33,163.4,66
Track 294,Billie Eilish,Indie,0.44,0.8,0.22,112.2,85
Track 295,Taylor Swift,Pop,0.87,0.57,0.35,88.5,45
Track 296,Taylor Swift,Indie,0.68,0.83,0.46,162.0,77
Track 297,Ed Sheeran,Alternative,0.55,0.85,0.58,130.4,41
Track 298,Doja Cat,Electronic,0.6,0.44,0.66,90.8,61
Track 299,Billie Eilish,Indie,0.62,0.73,0.88,149.2,59
Track 300,BTS,Hip-Hop,0.7,0.61,0.58,126.2,64
Track 301,Ed Sheeran,Alternative,0.66,0.87,0.58,136.5,54
Track 302,Ariana Grande,Alternative,0.86,0.44,0.24,120.7,99
Track 303,Taylor Swift,Indie,0.65,0.74,0.23,161.2,88
Track 304,Ed Sheeran,Indie,0.9,0.7,0.61,161.3,68
Track 305,Billie Eilish,Electronic,0.83,0.49,0.53,148.0,47
Track 306,Taylor Swift,Pop,0.5,0.39,0.83,81.6,76
Track 307,The Weeknd,Indie,0.87,0.72,0.32,162.3,88
Track 308,Ed Sheeran,Latin,0.46,0.78,0.22,143.8,91
Track 309,Bad Bunny,Indie,0.81,0.51,0.54,146.7,72
Track 310,Taylor Swift,K-Pop,0.59,0.72,0.38,109.9,61
Track 311,Billie Eilish,Hip-Hop,0.84,0.56,0.24,166.7,89
Track 312,Drake,Latin,0.83,0.76,0.74,149.8,86
Track 313,BTS,Latin,0.8,0.43,0.28,82.4,44
Track 314,Post Malone,K-Pop,0.8,0.88,0.66,114.9,78
Track 315,Doja Cat,K-Pop,0.55,0.49,0.41,167.5,57
Track 316,Post Malone,Alternative,0.44,0.54,0.33,75.2,77
Track 317,Billie Eilish,Pop,0.6,0.34,0.48,175.8,93
Track 318,Ariana Grande,Hip-Hop,0.49,0.37,0.8,144.7,92
Track 319,Ariana Grande,Electronic,0.75,0.64,0.49,139.5,76
Track 320,Drake,Latin,0.57,0.47,0.76,99.8,69
Track 321,Doja Cat,Electronic,0.89,0.84,0.29,97.4,90
Track 322,Bad Bunny,Indie,0.72,0.31,0.78,173.6,70
Track 323,Drake,Indie,0.81,0.55,0.38,102.8,49
Track 324,Post Malone,Electronic,0.47,0.52,0.71,155.3,54
Track 325,Drake,Indie,0.83,0.31,0.62,113.2,81
Track 326,Post Malone,Pop,0.86,0.38,0.9,85.3,98
Track 327,Taylor Swift,K-Pop,0.64,0.57,0.49,71.2,87
Track 328,Ariana Grande,Indie,0.7,0.62,0.25,129.9,83
Track 329,Taylor Swift,Alternative,0.78,0.56,0.21,177.3,57
Track 330,BTS,Indie,0.49,0.65,0.82,110.6,62
Track 331,Doja Cat,Hip-Hop,0.65,0.69,0.59,109.3,72
Track 332,Bad Bunny,Pop,0.6,0.31,0.78,107.9,55
Track 333,Post Malone,Hip-Hop,0.47,0.6,0.38,127.3,93
Track 334,Bad Bunny,Hip-Hop,0.58,0.93,0.46,118.5,77
Track 335,Post Malone,Alternative,0.43,0.64,0.22,166.8,74
Track 336,Billie Eilish,Pop,0.41,0.74,0.92,125.6,73
Track 337,Drake,Pop,0.47,0.5,0.7,125.9,67
Track 338,BTS,Pop,0.88,0.8,0.9,85.2,41
Track 339,Ariana Grande,Pop,0.67,0.8,0.4,178.1,69
Track 340,Post Malone,Pop,0.88,0.64,0.66,97.5,52
Track 341,Bad Bunny,Alternative,0.62,0.93,0.71,78.1,80
Track 342,BTS,Indie,0.56,0.38,0.44,142.9,55
Track 343,The Weeknd,Hip-Hop,0.65,0.31,0.84,135.5,98
Track 344,The Weeknd,Pop,0.62,0.8,0.91,115.7,44
Track 345,Taylor Swift,Latin,0.45,0.82,0.86,116.4,94
Track 346,Ariana Grande,Indie,0.72,0.38,0.75,156.4,67
Track 347,Billie Eilish,Indie,0.51,0.47,0.41,91.5,92
Track 348,Bad Bunny,Hip-Hop,0.71,0.31,0.41,160.2,78
Track 349,Drake,Alternative,0.73,0.49,0.92,141.4,84
Track 350,Drake,Electronic,0.48,0.8,0.21,116.1,59
Track 351,Bad Bunny,Electronic,0.43,0.64,0.74,120.4,63
Track 352,Doja Cat,Indie,0.79,0.53,0.73,98.2,66
Track 353,Billie Eilish,K-Pop,0.63,0.54,0.67,152.7,69
Track 354,BTS,K-Pop,0.43,0.3,0.94,126.4,97
Track 355,Post Malone,Hip-Hop,0.9,0.49,0.43,105.3,84
Track 356,Doja Cat,Electronic,0.43,0.72,0.45,135.6,66
Track 357,Post Malone,Indie,0.75,0.93,0.26,179.5,65
Track 358,Post Malone,Alternative,0.89,0.85,0.53,117.9,46
Track 359,Doja Cat,Electronic,0.52,0.32,0.4,171.3,81
Track 360,Taylor Swift,Indie,0.47,0.88,0.46,108.0,86
Track 361,The Weeknd,Indie,0.46,0.81,0.83,76.0,92
Track 362,Post Malone,Pop,0.55,0.81,0.9,92.5,98
Track 363,Doja Cat,Alternative,0.45,0.6,0.34,116.1,77
Track 364,Doja Cat,Pop,0.75,0.56,0.48,94.2,44
Track 365,Ed Sheeran,Hip-Hop,0.43,0.5,0.9,70.0,62
Track 366,Taylor Swift,Pop,0.65,0.34,0.25,170.7,67
Track 367,Ariana Grande,Latin,0.9,0.45,0.27,162.8,73
Track 368,Ed Sheeran,Pop,0.81,0.46,0.32,151.7,92
Track 369,Ed Sheeran,Latin,0.71,0.61,0.65,88.5,54
Track 370,Bad Bunny,Electronic,0.55,0.79,0.31,83.2,71
Track 371,The Weeknd,K-Pop,0.71,0.61,0.93,77.4,65
Track 372,Doja Cat,Indie,0.66,0.34,0.54,149.6,87
Track 373,The Weeknd,Latin,0.61,0.92,0.58,172.2,70
Track 374,Billie Eilish,Alternative,0.47,0.91,0.38,117.4,58
Track 375,Bad Bunny,Pop,0.84,0.81,0.55,83.1,48
Track 376,Ariana Grande,Latin,0.62,0.94,0.7,126.4,68
Track 377,The Weeknd,Alternative,0.5,0.65,0.76,108.4,93
Track 378,Drake,K-Pop,0.58,0.93,0.77,111.2,97
Track 379,Post Malone,K-Pop,0.61,0.35,0.63,138.3,90
Track 380,Billie Eilish,Pop,0.81,0.54,0.88,149.1,78
Track 381,Taylor Swift,Hip-Hop,0.77,0.45,0.81,82.2,43
Track 382,Ariana Grande,Pop,0.78,0.43,0.77,73.9,42
Track 383,Billie Eilish,Electronic,0.41,0.39,0.24,179.4,95
Track 384,Post Malone,Latin,0.61,0.7,0.21,95.6,68
Track 385,Bad Bunny,Indie,0.64,0.81,0.36,75.9,91
Track 386,Post Malone,Hip-Hop,0.41,0.68,0.7,90.9,50
Track 387,Ed Sheeran,Pop,0.53,0.4,0.51,74.3,72
Track 388,Post Malone,Alternative,0.78,0.83,0.5,113.1,77
Track 389,Ed Sheeran,Hip-Hop,0.47,0.71,0.86,158.3,97
Track 390,Bad Bunny,Latin,0.67,0.55,0.87,107.5,50
Track 391,BTS,Hip-Hop,0.51,0.74,0.88,118.9,66
Track 392,Ed Sheeran,Latin,0.41,0.47,0.44,144.3,72
Track 393,Taylor Swift,Pop,0.52,0.52,0.72,126.0,60
Track 394,Post Malone,Latin,0.89,0.9,0.4,164.8,78
Track 395,Post Malone,Hip-Hop,0.8,0.49,0.34,165.3,70
Track 396,Taylor Swift,Alternative,0.88,0.61,0.34,71.1,77
Track 397,Drake,K-Pop,0.64,0.88,0.46,155.6,85
Track 398,Doja Cat,Hip-Hop,0.45,0.76,0.52,120.7,41
Track 399,BTS,Latin,0.67,0.34,0.82,178.8,66
Track 400,Ariana Grande,K-Pop,0.63,0.4,0.29,123.2,75
Track 401,Ed Sheeran,Latin,0.82,0.31,0.75,178.6,50
Track 402,Taylor Swift,Alternative,0.45,0.71,0.6,153.0,86
Track 403,Bad Bunny,Latin,0.64,0.59,0.42,97.3,57
Track 404,Ed Sheeran,Pop,0.48,0.39,0.57,129.2,98
Track 405,Doja Cat,Indie,0.56,0.92,0.42,179.1,40
Track 406,Bad Bunny,Hip-Hop,0.77,0.64,0.65,164.3,74
Track 407,Billie Eilish,Indie,0.64,0.46,0.53,80.7,74
Track 408,Post Malone,Latin,0.59,0.63,0.32,147.7,70
Track 409,Billie Eilish,Alternative,0.6,0.74,0.29,108.0,67
Track 410,Ed Sheeran,Hip-Hop,0.63,0.35,0.61,70.8,78
Track 411,Doja Cat,Latin,0.79,0.48,0.88,114.4,40
Track 412,BTS,K-Pop,0.85,0.82,0.46,95.8,64
Track 413,Ed Sheeran,Electronic,0.88,0.6,0.75,160.1,82
Track 414,Taylor Swift,Latin,0.79,0.66,0.69,107.1,77
Track 415,The Weeknd,Indie,0.56,0.58,0.9,161.0,59
Track 416,Ed Sheeran,Hip-Hop,0.74,0.33,0.82,70.1,42
Track 417,Post Malone,Indie,0.62,0.41,0.62,103.9,90
Track 418,Post Malone,Hip-Hop,0.53,0.59,0.69,96.5,41
Track 419,Ed Sheeran,Latin,0.82,0.44,0.87,95.7,57
Track 420,Bad Bunny,Pop,0.42,0.33,0.5,77.5,83
Track 421,The Weeknd,K-Pop,0.85,0.85,0.45,90.6,49
Track 422,Taylor Swift,Latin,0.63,0.94,0.21,131.1,44
Track 423,Ed Sheeran,Indie,0.72,0.82,0.82,102.0,48
Track 424,Bad Bunny,Electronic,0.73,0.85,0.8,115.9,41
Track 425,Post Malone,Electronic,0.85,0.46,0.28,111.5,73
Track 426,Post Malone,Alternative,0.72,0.92,0.63,166.3,99
Track 427,Doja Cat,Hip-Hop,0.71,0.43,0.55,169.6,77
Track 428,Ed Sheeran,Indie,0.43,0.92,0.29,124.2,70
Track 429,The Weeknd,Alternative,0.66,0.95,0.94,106.3,49
Track 430,Drake,Indie,0.48,0.76,0.36,81.7,89
Track 431,The Weeknd,Hip-Hop,0.77,0.94,0.25,174.9,51
Track 432,Post Malone,Latin,0.66,0.67,0.65,76.6,75
Track 433,Post Malone,Latin,0.74,0.47,0.75,102.7,93
Track 434,Billie Eilish,Electronic,0.42,0.58,0.22,102.8,60
Track 435,Post Malone,Latin,0.44,0.69,0.69,105.2,88
Track 436,Taylor Swift,Latin,0.76,0.35,0.6,88.1,86
Track 437,Ariana Grande,Pop,0.44,0.7,0.28,156.1,45
Track 438,Ed Sheeran,Electronic,0.44,0.94,0.33,83.5,87
Track 439,The Weeknd,Alternative,0.41,0.42,0.63,139.8,88
Track 440,Ariana Grande,K-Pop,0.88,0.82,0.42,83.6,42
Track 441,Bad Bunny,Pop,0.77,0.89,0.9,77.8,49
Track 442,Drake,Alternative,0.58,0.91,0.81,170.0,44
Track 443,Taylor Swift,Hip-Hop,0.55,0.92,0.94,90.9,85
Track 444,The Weeknd,Pop,0.57,0.64,0.39,160.3,65
Track 445,Ariana Grande,Alternative,0.79,0.94,0.93,129.9,60
Track 446,Drake,Hip-Hop,0.73,0.79,0.52,78.6,84
Track 447,Billie Eilish,Electronic,0.49,0.41,0.46,175.1,65
Track 448,Taylor Swift,K-Pop,0.49,0.61,0.24,97.2,77
Track 449,Taylor Swift,Hip-Hop,0.45,0.77,0.24,164.6,83
Track 450,Billie Eilish,Latin,0.73,0.46,0.72,88.6,65
Track 451,Ed Sheeran,Indie,0.78,0.72,0.54,163.9,47
Track 452,Billie Eilish,Hip-Hop,0.53,0.73,0.37,71.5,44
Track 453,Taylor Swift,Hip-Hop,0.41,0.41,0.66,126.3,54
Track 454,Taylor Swift,K-Pop,0.44,0.67,0.39,154.6,98
Track 455,Ariana Grande,Indie,0.88,0.8,0.63,172.8,55
Track 456,Post Malone,Latin,0.55,0.62,0.47,170.0,40
Track 457,Drake,Alternative,0.78,0.31,0.82,160.2,55
Track 458,Billie Eilish,Alternative,0.71,0.31,0.82,167.7,76
Track 459,Drake,Hip-Hop,0.59,0.53,0.56,91.9,42
Track 460,Billie Eilish,Indie,0.5,0.9,0.46,101.3,91
Track 461,Bad Bunny,Indie,0.46,0.45,0.47,101.8,86
Track 462,Taylor Swift,Latin,0.71,0.71,0.8,111.5,70
Track 463,Post Malone,K-Pop,0.79,0.44,0.45,113.3,52
Track 464,Ariana Grande,Electronic,0.72,0.51,0.36,129.9,95
Track 465,Post Malone,Alternative,0.67,0.85,0.26,87.6,55
Track 466,Post Malone,K-Pop,0.42,0.77,0.55,146.0,94
Track 467,Post Malone,Pop,0.88,0.36,0.56,88.4,82
Track 468,Drake,Alternative,0.8,0.58,0.83,104.1,60
Track 469,Billie Eilish,K-Pop,0.55,0.32,0.37,125.4,41
Track 470,BTS,Alternative,0.89,0.61,0.49,157.6,93
Track 471,Bad Bunny,Electronic,0.7,0.73,0.81,151.3,66
Track 472,The Weeknd,Pop,0.69,0.38,0.82,141.0,77
Track 473,Post Malone,Electronic,0.77,0.49,0.49,87.1,65
Track 474,Ed Sheeran,Latin,0.81,0.56,0.54,130.2,97
Track 475,Drake,Pop,0.73,0.9,0.43,79.6,98
Track 476,Ariana Grande,Hip-Hop,0.46,0.95,0.9,111.5,77
Track 477,The Weeknd,K-Pop,0.57,0.33,0.29,115.5,85
Track 478,BTS,Pop,0.86,0.79,0.9,74.4,64
Track 479,Ed Sheeran,Latin,0.51,0.54,0.71,100.1,50
Track 480,BTS,Latin,0.59,0.56,0.6,175.1,47
Track 481,The Weeknd,Electronic,0.62,0.79,0.22,174.9,47
Track 482,Post Malone,Alternative,0.62,0.9,0.56,108.8,72
Track 483,Ed Sheeran,Pop,0.71,0.92,0.51,74.7,92
Track 484,BTS,K-Pop,0.87,0.68,0.32,89.7,46
Track 485,Ariana Grande,Pop,0.52,0.53,0.69,113.1,77
Track 486,Billie Eilish,Indie,0.46,0.81,0.93,174.3,60
Track 487,Taylor Swift,Alternative,0.5,0.46,0.62,85.5,47
Track 488,Billie Eilish,K-Pop,0.84,0.67,0.74,154.0,90
Track 489,The Weeknd,K-Pop,0.72,0.53,0.25,82.0,93
Track 490,Drake,Hip-Hop,0.54,0.73,0.51,177.9,60
Track 491,Taylor Swift,Electronic,0.81,0.46,0.29,112.0,95
Track 492,Bad Bunny,Hip-Hop,0.83,0.42,0.66,155.3,59
Track 493,Ariana Grande,K-Pop,0.82,0.9,0.9,107.7,47
Track 494,Bad Bunny,Alternative,0.86,0.37,0.7,139.0,97
Track 495,Ed Sheeran,Pop,0.53,0.63,0.26,91.1,85
Track 496,Taylor Swift,Pop,0.78,0.44,0.47,86.1,70
Track 497,Bad Bunny,Alternative,0.63,0.33,0.61,173.2,89
Track 498,Bad Bunny,K-Pop,0.82,0.32,0.5,170.9,96
Track 499,BTS,Latin,0.76,0.41,0.83,167.6,68
Track 500,Billie Eilish,Pop,0.79,0.86,0.81,138.8,87
Track 501,BTS,Latin,0.73,0.48,0.66,158.9,48
Track 502,Taylor Swift,Pop,0.49,0.92,0.48,77.6,54
Track 503,Taylor Swift,Pop,0.67,0.68,0.39,106.8,69
Track 504,The Weeknd,Electronic,0.89,0.58,0.28,104.5,65
Track 505,BTS,Electronic,0.87,0.68,0.47,139.9,49
Track 506,Doja Cat,Indie,0.42,0.64,0.51,109.2,68
Track 507,Billie Eilish,Hip-Hop,0.48,0.79,0.71,86.3,93
Track 508,Taylor Swift,Alternative,0.47,0.48,0.69,135.6,55
Track 509,The Weeknd,Alternative,0.76,0.53,0.25,159.6,75
Track 510,BTS,Alternative,0.81,0.88,0.5,112.0,59
Track 511,Billie Eilish,Indie,0.51,0.92,0.34,84.5,84
Track 512,BTS,Electronic,0.65,0.88,0.32,91.6,93
Track 513,Bad Bunny,K-Pop,0.82,0.57,0.82,96.1,76
Track 514,The Weeknd,Latin,0.77,0.81,0.23,103.0,61
Track 515,Billie Eilish,Latin,0.67,0.61,0.51,140.7,46
Track 516,Post Malone,K-Pop,0.7,0.62,0.33,136.1,62
Track 517,Ed Sheeran,Indie,0.65,0.43,0.86,146.6,80
Track 518,Ed Sheeran,K-Pop,0.55,0.68,0.62,109.9,79
Track 519,Billie Eilish,Alternative,0.68,0.42,0.37,160.6,68
Track 520,BTS,Hip-Hop,0.74,0.52,0.58,92.4,55
Track 521,The Weeknd,Pop,0.84,0.86,0.75,121.6,77
Track 522,Ed Sheeran,Latin,0.72,0.43,0.92,158.1,67
Track 523,The Weeknd,Electronic,0.78,0.35,0.37,89.8,87
Track 524,Ed Sheeran,Electronic,0.48,0.34,0.86,82.1,77
Track 525,Bad Bunny,Indie,0.63,0.91,0.9,167.2,70
Track 526,BTS,Electronic,0.4,0.63,0.89,107.7,53
Track 527,Bad Bunny,Alternative,0.52,0.57,0.68,145.2,92
Track 528,Ed Sheeran,Latin,0.76,0.83,0.67,72.8,72
Track 529,Post Malone,K-Pop,0.9,0.84,0.5,145.9,96
Track 530,Post Malone,Alternative,0.45,0.52,0.76,104.8,48
Track 531,Bad Bunny,Indie,0.6,0.75,0.6,76.1,96
Track 532,Post Malone,Alternative,0.8,0.8,0.71,137.1,66
Track 533,Ed Sheeran,K-Pop,0.5,0.73,0.52,96.5,63
Track 534,Billie Eilish,Hip-Hop,0.68,0.4,0.75,112.5,52
Track 535,Bad Bunny,Indie,0.77,0.87,0.82,78.9,65
Track 536,Drake,Hip-Hop,0.71,0.65,0.31,86.2,68
Track 537,BTS,Pop,0.49,0.48,0.82,102.8,90
Track 538,Post Malone,Hip-Hop,0.58,0.58,0.61,79.9,88
Track 539,Post Malone,Pop,0.79,0.32,0.83,170.2,82
Track 540,Taylor Swift,Pop,0.68,0.38,0.52,70.7,67
Track 541,Doja Cat,Hip-Hop,0.4,0.8,0.48,123.2,67
Track 542,Bad Bunny,Indie,0.78,0.3,0.89,83.6,47
Track 543,Ariana Grande,K-Pop,0.42,0.57,0.39,103.8,62
Track 544,Post Malone,Alternative,0.77,0.64,0.83,171.9,68
Track 545,BTS,Alternative,0.5,0.34,0.56,87.8,44
Track 546,Drake,K-Pop,0.88,0.93,0.59,176.2,81
Track 547,Post Malone,Latin,0.58,0.45,0.43,92.6,46
Track 548,Drake,Latin,0.56,0.5,0.63,151.6,81
Track 549,Ed Sheeran,Pop,0.47,0.5,0.44,130.1,75
Track 550,Ed Sheeran,Pop,0.55,0.45,0.23,167.3,80
Track 551,Doja Cat,Indie,0.84,0.3,0.4,130.9,66
Track 552,Billie Eilish,Electronic,0.9,0.77,0.2,128.8,97
Track 553,Ariana Grande,Hip-Hop,0.58,0.93,0.93,91.5,85
Track 554,Taylor Swift,Pop,0.62,0.45,0.92,88.3,41
Track 555,Doja Cat,Alternative,0.76,0.73,0.5,170.8,64
Track 556,The Weeknd,Indie,0.84,0.78,0.75,106.1,48
Track 557,Taylor Swift,Hip-Hop,0.7,0.85,0.46,110.9,92
Track 558,Bad Bunny,Indie,0.6,0.57,0.7,153.6,66
Track 559,BTS,Hip-Hop,0.61,0.5,0.8,107.3,40
Track 560,The Weeknd,Hip-Hop,0.75,0.51,0.91,174.7,62
Track 561,The Weeknd,K-Pop,0.4,0.76,0.5,151.2,49
Track 562,Doja Cat,Pop,0.71,0.83,0.79,135.7,81
Track 563,Billie Eilish,Indie,0.58,0.42,0.4,166.9,91
Track 564,Doja Cat,Indie,0.8,0.54,0.94,75.5,64
Track 565,Bad Bunny,K-Pop,0.45,0.89,0.22,98.3,93
Track 566,Post Malone,Alternative,0.69,0.82,0.65,121.2,42
Track 567,Post Malone,Alternative,0.64,0.94,0.69,95.0,45
Track 568,Billie Eilish,Latin,0.72,0.79,0.72,151.8,97
Track 569,Bad Bunny,Pop,0.43,0.56,0.29,171.1,45
Track 570,Billie Eilish,Pop,0.69,0.68,0.9,116.6,92
Track 571,Drake,Electronic,0.68,0.73,0.34,107.6,41
Track 572,Post Malone,K-Pop,0.68,0.35,0.67,175.8,97
Track 573,The Weeknd,Alternative,0.7,0.65,0.37,118.9,97
Track 574,Ariana Grande,Hip-Hop,0.74,0.76,0.43,123.8,57
Track 575,BTS,Indie,0.8,0.41,0.61,108.7,62
Track 576,Bad Bunny,Pop,0.53,0.81,0.51,170.1,41
Track 577,Taylor Swift,Indie,0.81,0.68,0.32,132.6,51
Track 578,Billie Eilish,Indie,0.65,0.92,0.33,153.8,61
Track 579,BTS,Electronic,0.44,0.33,0.51,159.3,76
Track 580,Taylor Swift,Alternative,0.43,0.47,0.77,107.6,59
Track 581,BTS,Pop,0.57,0.69,0.87,117.7,78
Track 582,Ariana Grande,Indie,0.79,0.49,0.26,163.3,63
Track 583,Taylor Swift,Pop,0.75,0.76,0.49,110.0,87
Track 584,Doja Cat,Hip-Hop,0.79,0.79,0.28,157.3,59
Track 585,Ed Sheeran,Electronic,0.66,0.37,0.21,173.5,40
Track 586,Doja Cat,Hip-Hop,0.62,0.63,0.7,138.6,40
Track 587,Post Malone,Pop,0.47,0.63,0.65,151.6,56
Track 588,Ed Sheeran,Latin,0.56,0.54,0.32,158.6,98
Track 589,Doja Cat,Pop,0.62,0.91,0.38,163.0,40
Track 590,Ed Sheeran,Alternative,0.44,0.84,0.22,113.5,92
Track 591,Ed Sheeran,Indie,0.51,0.75,0.83,75.6,91
Track 592,The Weeknd,Indie,0.7,0.76,0.93,114.2,84
Track 593,Billie Eilish,Hip-Hop,0.77,0.6,0.3,144.1,69
Track 594,Billie Eilish,Electronic,0.9,0.9,0.37,119.5,80
Track 595,The Weeknd,Latin,0.87,0.75,0.85,152.4,86
Track 596,BTS,K-Pop,0.72,0.77,0.89,109.3,42
Track 597,Drake,Indie,0.61,0.86,0.51,139.8,85
Track 598,BTS,Alternative,0.72,0.48,0.24,90.5,94
Track 599,Taylor Swift,Hip-Hop,0.79,0.82,0.23,152.4,50
Track 600,Taylor Swift,Hip-Hop,0.46,0.43,0.63,130.0,63
Track 601,Ed Sheeran,K-Pop,0.6,0.52,0.49,92.4,61
Track 602,Doja Cat,Alternative,0.82,0.52,0.22,102.1,83
Track 603,Doja Cat,Electronic,0.59,0.94,0.64,152.3,84
Track 604,Billie Eilish,Alternative,0.69,0.86,0.21,123.1,65
Track 605,Bad Bunny,Electronic,0.69,0.76,0.79,93.8,52
Track 606,BTS,Alternative,0.49,0.77,0.43,176.4,40
Track 607,Post Malone,Alternative,0.58,0.67,0.23,148.7,63
Track 608,Ariana Grande,Pop,0.57,0.92,0.64,175.3,49
Track 609,Doja Cat,Hip-Hop,0.41,0.62,0.5,117.0,74
Track 610,Ariana Grande,Alternative,0.41,0.55,0.93,122.3,63
Track 611,Ed Sheeran,K-Pop,0.82,0.41,0.61,168.8,67
Track 612,Ariana Grande,Alternative,0.54,0.81,0.41,127.8,75
Track 613,Post Malone,Indie,0.66,0.78,0.73,147.8,55
Track 614,The Weeknd,Hip-Hop,0.55,0.55,0.4,97.7,79
Track 615,Post Malone,Indie,0.87,0.32,0.88,119.1,55
Track 616,Ariana Grande,Hip-Hop,0.53,0.85,0.48,83.6,98
Track 617,Post Malone,Indie,0.61,0.31,0.61,92.7,56
Track 618,Drake,Alternative,0.84,0.76,0.24,70.1,90
Track 619,Ed Sheeran,Alternative,0.82,0.93,0.52,74.3,93
Track 620,BTS,Pop,0.49,0.58,0.82,177.5,54
Track 621,The Weeknd,K-Pop,0.8,0.45,0.8,96.7,55
Track 622,Doja Cat,Indie,0.63,0.76,0.37,143.0,54
Track 623,Taylor Swift,Electronic,0.64,0.83,0.37,162.3,96
Track 624,BTS,Pop,0.47,0.66,0.81,130.6,73
Track 625,Taylor Swift,Indie,0.44,0.93,0.9,86.8,50
Track 626,Ed Sheeran,Indie,0.76,0.33,0.27,150.1,40
Track 627,The Weeknd,Pop,0.65,0.63,0.54,136.0,54
Track 628,Billie Eilish,Alternative,0.62,0.77,0.45,150.4,65
Track 629,Doja Cat,Indie,0.76,0.86,0.85,154.7,90
Track 630,Drake,Alternative,0.78,0.42,0.26,177.3,43
Track 631,Billie Eilish,Pop,0.48,0.82,0.36,133.1,82
Track 632,Ed Sheeran,Alternative,0.71,0.66,0.76,107.6,44
Track 633,BTS,Hip-Hop,0.47,0.56,0.24,141.3,74
Track 634,Drake,Electronic,0.78,0.39,0.57,77.5,52
Track 635,Post Malone,Latin,0.73,0.86,0.53,168.7,49
Track 636,Ariana Grande,Indie,0.88,0.4,0.45,83.1,50
Track 637,Drake,K-Pop,0.43,0.5,0.5,106.1,57
Track 638,Ed Sheeran,Electronic,0.43,0.49,0.6,159.7,73
Track 639,Bad Bunny,Latin,0.54,0.87,0.32,135.7,78
Track 640,Ariana Grande,Alternative,0.53,0.74,0.63,113.3,80
Track 641,Taylor Swift,Indie,0.52,0.82,0.8,122.1,81
Track 642,Doja Cat,Alternative,0.85,0.46,0.77,164.0,89
Track 643,Taylor Swift,Hip-Hop,0.52,0.71,0.32,107.4,62
Track 644,Drake,Pop,0.54,0.67,0.31,165.7,46
Track 645,Taylor Swift,Indie,0.78,0.84,0.4,79.7,98
Track 646,Ed Sheeran,Latin,0.62,0.89,0.47,155.4,78
Track 647,Post Malone,Latin,0.79,0.31,0.51,163.2,42
Track 648,BTS,Hip-Hop,0.43,0.74,0.71,90.0,51
Track 649,Doja Cat,Hip-Hop,0.64,0.33,0.24,117.3,46
Track 650,Taylor Swift,Indie,0.42,0.66,0.23,88.2,88
Track 651,Taylor Swift,Alternative,0.43,0.49,0.49,147.7,65
Track 652,Drake,K-Pop,0.85,0.5,0.72,128.9,72
Track 653,BTS,Latin,0.47,0.53,0.35,139.9,76
Track 654,Billie Eilish,Latin,0.67,0.7,0.68,91.6,87
Track 655,Taylor Swift,Hip-Hop,0.61,0.52,0.39,93.3,54
Track 656,Ed Sheeran,Electronic,0.57,0.78,0.86,74.6,41
Track 657,Bad Bunny,Hip-Hop,0.85,0.56,0.87,105.4,80
Track 658,Doja Cat,K-Pop,0.41,0.34,0.42,131.6,46
Track 659,Taylor Swift,Alternative,0.73,0.81,0.37,164.4,71
Track 660,Ed Sheeran,Alternative,0.88,0.49,0.51,143.4,43
Track 661,Ed Sheeran,Electronic,0.68,0.58,0.38,117.9,59
Track 662,Doja Cat,Latin,0.87,0.75,0.7,174.8,89
Track 663,Billie Eilish,Hip-Hop,0.43,0.52,0.82,149.1,92
Track 664,Ed Sheeran,Alternative,0.61,0.34,0.7,172.3,75
Track 665,Bad Bunny,K-Pop,0.53,0.54,0.82,128.0,71
Track 666,Ed Sheeran,Indie,0.77,0.91,0.5,98.5,67
Track 667,Ed Sheeran,Pop,0.89,0.72,0.32,75.8,52
Track 668,Ed Sheeran,Pop,0.53,0.74,0.75,149.9,40
Track 669,Post Malone,Pop,0.73,0.71,0.47,83.3,99
Track 670,Post Malone,Latin,0.5,0.43,0.7,103.3,95
Track 671,Billie Eilish,Hip-Hop,0.68,0.57,0.4,128.6,74
Track 672,Taylor Swift,Electronic,0.63,0.79,0.26,132.1,87
Track 673,Ed Sheeran,Alternative,0.89,0.37,0.94,136.1,69
Track 674,BTS,Indie,0.7,0.48,0.32,88.3,93
Track 675,Taylor Swift,K-Pop,0.57,0.48,0.94,111.8,75
Track 676,Billie Eilish,Indie,0.46,0.58,0.93,137.9,96
Track 677,The Weeknd,K-Pop,0.48,0.94,0.8,176.7,94
Track 678,Taylor Swift,Latin,0.51,0.34,0.69,150.0,64
Track 679,Taylor Swift,Hip-Hop,0.53,0.64,0.63,171.5,55
Track 680,Ariana Grande,Pop,0.83,0.42,0.85,153.8,97
Track 681,Drake,Hip-Hop,0.68,0.93,0.42,135.1,58
Track 682,Ariana Grande,Latin,0.66,0.37,0.55,91.1,40
Track 683,Bad Bunny,Electronic,0.46,0.56,0.66,143.3,44
Track 684,Post Malone,Electronic,0.83,0.78,0.51,138.6,90
Track 685,Post Malone,Latin,0.76,0.76,0.52,136.3,61
Track 686,Drake,K-Pop,0.43,0.57,0.45,123.9,63
Track 687,Doja Cat,Alternative,0.75,0.53,0.62,128.2,82
Track 688,Doja Cat,Alternative,0.67,0.56,0.84,106.8,84
Track 689,Billie Eilish,K-Pop,0.44,0.47,0.35,127.1,91
Track 690,Drake,Electronic,0.63,0.43,0.9,91.7,76
Track 691,Taylor Swift,Electronic,0.64,0.61,0.72,158.6,92
Track 692,Doja Cat,Electronic,0.48,0.47,0.82,90.4,75
Track 693,Ed Sheeran,Hip-Hop,0.87,0.49,0.62,79.3,75
Track 694,BTS,Electronic,0.82,0.73,0.78,118.0,43
Track 695,Taylor Swift,Indie,0.73,0.93,0.21,142.4,75
Track 696,Bad Bunny,Pop,0.63,0.69,0.81,118.1,91
Track 697,Ed Sheeran,Electronic,0.61,0.35,0.23,100.4,92
Track 698,Ed Sheeran,K-Pop,0.73,0.35,0.87,131.4,57
Track 699,Drake,Pop,0.67,0.92,0.94,108.2,89
Track 700,Billie Eilish,Hip-Hop,0.43,0.49,0.42,172.6,55
Track 701,Bad Bunny,K-Pop,0.66,0.36,0.36,171.5,80
Track 702,Doja Cat,Pop,0.8,0.69,0.77,125.3,57
Track 703,Drake,K-Pop,0.63,0.71,0.39,106.1,61
Track 704,Doja Cat,Hip-Hop,0.43,0.72,0.85,151.1,41
Track 705,Drake,Indie,0.79,0.47,0.28,74.0,60
Track 706,Drake,Hip-Hop,0.5,0.31,0.29,122.2,75
Track 707,Drake,Hip-Hop,0.53,0.93,0.93,107.0,83
Track 708,Billie Eilish,K-Pop,0.48,0.46,0.71,171.3,78
Track 709,Drake,Latin,0.57,0.74,0.84,71.3,86
Track 710,The Weeknd,Alternative,0.78,0.76,0.44,130.8,78
Track 711,BTS,Electronic,0.66,0.7,0.71,151.5,68
Track 712,Doja Cat,Electronic,0.5,0.5,0.65,123.4,93
Track 713,Taylor Swift,Indie,0.84,0.48,0.65,79.4,65
Track 714,Ariana Grande,Indie,0.84,0.69,0.71,177.0,60
Track 715,Bad Bunny,Electronic,0.84,0.86,0.63,127.0,56
Track 716,Post Malone,Alternative,0.52,0.92,0.52,137.6,55
Track 717,Billie Eilish,Electronic,0.63,0.37,0.41,96.0,99
Track 718,Taylor Swift,Latin,0.89,0.4,0.78,123.2,70
Track 719,Ed Sheeran,Alternative,0.79,0.91,0.37,117.2,90
Track 720,The Weeknd,Indie,0.41,0.78,0.72,78.2,48
Track 721,Post Malone,Pop,0.43,0.87,0.37,81.7,70
Track 722,Ariana Grande,K-Pop,0.63,0.43,0.67,162.1,53
Track 723,Taylor Swift,Latin,0.85,0.68,0.76,96.4,88
Track 724,Post Malone,Latin,0.67,0.76,0.36,91.4,76
Track 725,Taylor Swift,Indie,0.65,0.74,0.24,125.5,41
Track 726,The Weeknd,Indie,0.45,0.57,0.3,154.6,91
Track 727,Ariana Grande,Hip-Hop,0.73,0.31,0.65,76.8,87
Track 728,Ed Sheeran,Latin,0.81,0.68,0.84,133.4,85
Track 729,Drake,Hip-Hop,0.59,0.46,0.23,83.1,53
Track 730,Doja Cat,Hip-Hop,0.79,0.59,0.75,74.0,98
Track 731,Ed Sheeran,K-Pop,0.88,0.92,0.46,75.8,72
Track 732,Drake,Hip-Hop,0.5,0.56,0.56,161.8,74
Track 733,Billie Eilish,Alternative,0.66,0.85,0.9,83.0,97
Track 734,BTS,Electronic,0.54,0.42,0.45,75.0,78
Track 735,Bad Bunny,Pop,0.8,0.74,0.55,118.2,97
Track 736,Bad Bunny,Indie,0.69,0.94,0.21,162.8,86
Track 737,Doja Cat,Alternative,0.72,0.37,0.26,98.9,90
Track 738,Ariana Grande,Pop,0.8,0.31,0.39,116.4,59
Track 739,The Weeknd,Latin,0.6,0.58,0.22,74.4,41
Track 740,Ariana Grande,Latin,0.86,0.36,0.67,119.4,90
Track 741,The Weeknd,Latin,0.67,0.79,0.52,133.5,80
Track 742,Ariana Grande,Alternative,0.48,0.89,0.61,132.8,58
Track 743,BTS,Alternative,0.75,0.58,0.33,106.6,98
Track 744,Billie Eilish,Indie,0.8,0.47,0.42,104.7,76
Track 745,Billie Eilish,Electronic,0.56,0.58,0.7,81.7,57
Track 746,Drake,Hip-Hop,0.83,0.77,0.92,110.3,55
Track 747,Post Malone,Latin,0.85,0.31,0.24,80.9,43
Track 748,Billie Eilish,K-Pop,0.54,0.68,0.87,154.3,51
Track 749,Billie Eilish,Electronic,0.89,0.7,0.63,176.3,68
Track 750,Ed Sheeran,K-Pop,0.47,0.71,0.62,176.7,46
Track 751,Ed Sheeran,Indie,0.5,0.46,0.58,165.2,53
Track 752,Drake,Indie,0.49,0.76,0.25,136.1,94
Track 753,Post Malone,Indie,0.85,0.36,0.27,147.1,51
Track 754,Doja Cat,Pop,0.73,0.43,0.65,101.4,74
Track 755,Ed Sheeran,K-Pop,0.48,0.87,0.46,139.4,44
Track 756,Doja Cat,Electronic,0.62,0.78,0.89,120.1,56
Track 757,Taylor Swift,Electronic,0.71,0.31,0.5,123.0,97
Track 758,Ed Sheeran,Alternative,0.44,0.46,0.31,153.4,81
Track 759,BTS,Alternative,0.84,0.44,0.74,101.0,71
Track 760,Post Malone,Latin,0.8,0.48,0.42,105.0,49
Track 761,Drake,Alternative,0.65,0.46,0.59,171.7,82
Track 762,Taylor Swift,Indie,0.88,0.34,0.72,76.2,56
Track 763,Post Malone,Electronic,0.61,0.6,0.88,123.4,44
Track 764,BTS,K-Pop,0.89,0.78,0.79,170.4,84
Track 765,Post Malone,Indie,0.73,0.69,0.71,137.1,81
Track 766,BTS,Pop,0.72,0.74,0.71,130.1,48
Track 767,BTS,Alternative,0.48,0.35,0.91,97.5,88
Track 768,Doja Cat,Indie,0.84,0.92,0.42,107.8,72
Track 769,Ariana Grande,Indie,0.61,0.85,0.2,163.7,75
Track 770,Taylor Swift,Pop,0.48,0.82,0.4,131.5,75
Track 771,Post Malone,Hip-Hop,0.41,0.83,0.36,126.6,57
Track 772,The Weeknd,Electronic,0.68,0.91,0.7,81.0,48
Track 773,Taylor Swift,K-Pop,0.66,0.65,0.68,71.8,96
Track 774,Ariana Grande,Latin,0.76,0.43,0.65,176.0,68
Track 775,Taylor Swift,Hip-Hop,0.85,0.7,0.21,111.5,89
Track 776,Billie Eilish,Alternative,0.44,0.78,0.75,136.4,53
Track 777,The Weeknd,Indie,0.77,0.78,0.44,78.8,64
Track 778,Ariana Grande,Pop,0.49,0.64,0.7,145.1,54
Track 779,Doja Cat,Pop,0.83,0.34,0.62,172.6,45
Track 780,Post Malone,Electronic,0.81,0.54,0.46,133.3,95
Track 781,Bad Bunny,Hip-Hop,0.67,0.9,0.3,83.9,81
Track 782,Ariana Grande,Latin,0.76,0.68,0.27,134.0,68
Track 783,Drake,Electronic,0.56,0.65,0.82,154.3,54
Track 784,Post Malone,Indie,0.64,0.47,0.89,114.7,68
Track 785,Ariana Grande,Electronic,0.81,0.54,0.69,166.8,43
Track 786,Billie Eilish,K-Pop,0.63,0.88,0.28,141.4,57
Track 787,Bad Bunny,Pop,0.58,0.73,0.5,168.9,89
Track 788,Billie Eilish,Pop,0.65,0.81,0.75,138.6,96
Track 789,Bad Bunny,Alternative,0.81,0.6,0.78,84.4,88
Track 790,Drake,Alternative,0.57,0.71,0.29,104.1,83
Track 791,Post Malone,Latin,0.49,0.46,0.2,92.2,78
Track 792,Doja Cat,Indie,0.76,0.76,0.73,170.0,55
Track 793,Billie Eilish,K-Pop,0.81,0.58,0.47,153.6,50
Track 794,Billie Eilish,Hip-Hop,0.45,0.59,0.39,144.4,53
Track 795,BTS,Electronic,0.52,0.72,0.21,103.1,42
Track 796,Bad Bunny,Latin,0.47,0.91,0.61,90.2,90
Track 797,Ed Sheeran,Indie,0.57,0.34,0.84,153.2,89
Track 798,Post Malone,Alternative,0.63,0.84,0.92,122.2,81
Track 799,Bad Bunny,Electronic,0.77,0.49,0.62,94.8,77
Track 800,BTS,Alternative,0.73,0.59,0.59,137.8,84
Track 801,Taylor Swift,Electronic,0.71,0.31,0.26,74.4,81
Track 802,Bad Bunny,Hip-Hop,0.58,0.5,0.61,105.9,57
Track 803,Doja Cat,Indie,0.82,0.63,0.48,121.5,97
Track 804,Post Malone,Electronic,0.64,0.34,0.66,86.3,59
Track 805,BTS,K-Pop,0.89,0.62,0.49,178.3,97
Track 806,Taylor Swift,Latin,0.72,0.9,0.38,93.0,87
Track 807,The Weeknd,Pop,0.46,0.37,0.27,84.3,64
Track 808,BTS,K-Pop,0.74,0.8,0.44,92.4,96
Track 809,The Weeknd,K-Pop,0.56,0.57,0.27,154.6,77
Track 810,Post Malone,Latin,0.74,0.73,0.33,116.8,52
Track 811,Billie Eilish,Pop,0.43,0.47,0.94,132.2,43
Track 812,BTS,K-Pop,0.49,0.4,0.53,72.3,94
Track 813,Drake,Electronic,0.83,0.4,0.6,73.8,53
Track 814,The Weeknd,Electronic,0.51,0.35,0.86,119.0,72
Track 815,Doja Cat,Electronic,0.82,0.42,0.95,159.8,67
Track 816,Drake,Pop,0.54,0.73,0.64,167.4,91
Track 817,Ariana Grande,K-Pop,0.72,0.87,0.81,79.5,76
Track 818,Ariana Grande,Pop,0.75,0.83,0.45,129.2,47
Track 819,Taylor Swift,Electronic,0.66,0.75,0.43,170.5,83
Track 820,Billie Eilish,Latin,0.55,0.37,0.5,112.7,73
Track 821,Post Malone,K-Pop,0.51,0.49,0.7,161.3,83
Track 822,BTS,K-Pop,0.42,0.5,0.71,84.7,44
Track 823,Ed Sheeran,Alternative,0.55,0.46,0.44,172.9,93
Track 824,Doja Cat,Alternative,0.73,0.63,0.3,152.7,44
Track 825,The Weeknd,Hip-Hop,0.87,0.65,0.67,173.5,70
Track 826,Post Malone,Indie,0.84,0.53,0.3,144.4,84
Track 827,Drake,Alternative,0.78,0.53,0.63,110.0,48
Track 828,Ariana Grande,Pop,0.79,0.84,0.72,173.2,81
Track 829,Doja Cat,Alternative,0.73,0.81,0.73,100.3,71
Track 830,Ed Sheeran,Hip-Hop,0.53,0.5,0.77,106.5,72
Track 831,BTS,K-Pop,0.85,0.89,0.85,147.1,42
Track 832,Taylor Swift,Hip-Hop,0.74,0.92,0.57,154.2,69
Track 833,Ed Sheeran,K-Pop,0.68,0.51,0.75,172.2,89
Track 834,Doja Cat,Latin,0.46,0.53,0.66,92.5,51
Track 835,Ed Sheeran,Latin,0.62,0.63,0.34,157.8,68
Track 836,Doja Cat,K-Pop,0.63,0.91,0.22,151.2,42
Track 837,Doja Cat,Indie,0.83,0.87,0.41,77.0,65
Track 838,Bad Bunny,Alternative,0.67,0.37,0.53,112.6,96
Track 839,The Weeknd,Pop,0.59,0.56,0.66,101.1,69
Track 840,Ariana Grande,Pop,0.89,0.66,0.84,103.5,48
Track 841,Bad Bunny,Electronic,0.46,0.63,0.35,178.1,65
Track 842,BTS,K-Pop,0.61,0.43,0.29,140.7,41
Track 843,Bad Bunny,Pop,0.42,0.86,0.92,148.9,42
Track 844,Billie Eilish,Indie,0.77,0.74,0.28,177.4,85
Track 845,Billie Eilish,K-Pop,0.86,0.84,0.56,111.5,43
Track 846,Ariana Grande,Indie,0.54,0.86,0.64,158.2,64
Track 847,Ed Sheeran,Pop,0.83,0.79,0.61,117.8,90
Track 848,The Weeknd,Pop,0.55,0.59,0.26,165.6,52
Track 849,Ariana Grande,Electronic,0.86,0.7,0.24,89.9,78
Track 850,Doja Cat,Pop,0.78,0.4,0.28,174.2,83
Track 851,Drake,K-Pop,0.8,0.74,0.64,94.1,74
Track 852,The Weeknd,Latin,0.41,0.42,0.61,105.9,94
Track 853,The Weeknd,K-Pop,0.88,0.75,0.38,153.2,62
Track 854,Doja Cat,K-Pop,0.76,0.45,0.68,113.3,48
Track 855,Doja Cat,Electronic,0.55,0.38,0.82,136.9,41
Track 856,Taylor Swift,Electronic,0.81,0.41,0.23,118.9,93
Track 857,Ariana Grande,Pop,0.54,0.3,0.57,151.7,80
Track 858,Doja Cat,Hip-Hop,0.84,0.77,0.72,95.1,83
Track 859,Billie Eilish,Hip-Hop,0.46,0.78,0.39,76.4,70
Track 860,BTS,Electronic,0.75,0.63,0.43,103.0,83
Track 861,Drake,Pop,0.67,0.4,0.66,122.2,86
Track 862,Ariana Grande,Hip-Hop,0.45,0.35,0.87,88.5,41
Track 863,Post Malone,Pop,0.52,0.31,0.81,109.0,71
Track 864,Billie Eilish,Pop,0.41,0.41,0.64,114.0,57
Track 865,Ed Sheeran,Pop,0.63,0.88,0.75,76.3,52
Track 866,Doja Cat,Alternative,0.55,0.46,0.47,134.2,85
Track 867,Post Malone,K-Pop,0.7,0.53,0.68,167.3,44
Track 868,Doja Cat,Pop,0.55,0.37,0.55,86.7,97
Track 869,The Weeknd,Alternative,0.55,0.44,0.34,135.8,81
Track 870,Billie Eilish,Electronic,0.77,0.64,0.73,143.1,83
Track 871,The Weeknd,Hip-Hop,0.42,0.7,0.62,116.1,49
Track 872,Taylor Swift,K-Pop,0.85,0.46,0.47,147.1,95
Track 873,The Weeknd,Latin,0.83,0.34,0.88,115.2,82
Track 874,Taylor Swift,Hip-Hop,0.73,0.55,0.22,125.5,64
Track 875,Taylor Swift,K-Pop,0.7,0.45,0.44,70.8,73
Track 876,Post Malone,Latin,0.85,0.44,0.24,146.1,76
Track 877,Doja Cat,Hip-Hop,0.49,0.92,0.77,142.7,69
Track 878,Ed Sheeran,K-Pop,0.44,0.7,0.73,74.2,46
Track 879,The Weeknd,Hip-Hop,0.52,0.66,0.45,110.5,45
Track 880,Billie Eilish,Hip-Hop,0.8,0.57,0.71,177.7,93
Track 881,Taylor Swift,Latin,0.42,0.58,0.5,116.3,94
Track 882,Doja Cat,Hip-Hop,0.69,0.65,0.77,125.2,42
Track 883,Drake,Hip-Hop,0.9,0.75,0.54,170.1,52
Track 884,Ariana Grande,Latin,0.83,0.76,0.51,148.9,42
Track 885,Post Malone,Electronic,0.66,0.41,0.9,134.0,65
Track 886,Ed Sheeran,Pop,0.43,0.63,0.39,157.8,96
Track 887,Bad Bunny,Indie,0.82,0.57,0.29,165.1,63
Track 888,Post Malone,Alternative,0.7,0.87,0.64,120.3,92
Track 889,Drake,Indie,0.46,0.71,0.93,122.3,45
Track 890,Ariana Grande,Indie,0.45,0.65,0.48,112.5,82
Track 891,Drake,K-Pop,0.85,0.38,0.25,176.3,99
Track 892,The Weeknd,Pop,0.73,0.69,0.45,146.7,97
Track 893,Taylor Swift,K-Pop,0.81,0.38,0.58,79.2,88
Track 894,Ed Sheeran,Pop,0.84,0.52,0.32,164.9,81
Track 895,BTS,Latin,0.69,0.39,0.69,122.9,51
Track 896,Taylor Swift,Latin,0.66,0.75,0.95,77.6,88
Track 897,BTS,Pop,0.62,0.43,0.54,130.5,75
Track 898,Ariana Grande,Hip-Hop,0.56,0.55,0.47,115.9,41
Track 899,Doja Cat,Electronic,0.62,0.88,0.5,166.6,50
Track 900,Bad Bunny,Hip-Hop,0.79,0.43,0.29,92.4,78
Track 901,Billie Eilish,Electronic,0.7,0.63,0.86,160.9,73
Track 902,Taylor Swift,K-Pop,0.85,0.57,0.51,131.3,65
Track 903,Ed Sheeran,Electronic,0.62,0.31,0.49,76.0,57
Track 904,Drake,K-Pop,0.7,0.82,0.69,176.9,60
Track 905,Ed Sheeran,Latin,0.72,0.34,0.53,126.4,75
Track 906,Ariana Grande,Indie,0.7,0.61,0.69,102.0,79
Track 907,BTS,Latin,0.75,0.66,0.25,121.6,91
Track 908,Drake,Latin,0.52,0.71,0.81,164.4,85
Track 909,Billie Eilish,Indie,0.66,0.75,0.91,103.5,83
Track 910,Billie Eilish,Electronic,0.45,0.46,0.69,91.2,61
Track 911,Taylor Swift,Electronic,0.59,0.31,0.92,84.2,92
Track 912,Ariana Grande,K-Pop,0.64,0.77,0.31,102.8,98
Track 913,Doja Cat,Hip-Hop,0.73,0.65,0.56,155.8,69
Track 914,Ariana Grande,K-Pop,0.88,0.84,0.65,121.9,89
Track 915,BTS,Hip-Hop,0.7,0.83,0.64,95.0,82
Track 916,Ed Sheeran,Latin,0.77,0.85,0.5,88.3,99
Track 917,Billie Eilish,Indie,0.65,0.62,0.45,106.6,69
Track 918,Ed Sheeran,Latin,0.72,0.52,0.3,173.4,47
Track 919,Ed Sheeran,Pop,0.44,0.81,0.49,107.7,73
Track 920,Ed Sheeran,Electronic,0.53,0.59,0.32,178.7,96
Track 921,Billie Eilish,Hip-Hop,0.58,0.42,0.75,123.4,86
Track 922,Post Malone,K-Pop,0.64,0.86,0.36,89.7,48
Track 923,The Weeknd,Indie,0.42,0.87,0.24,168.0,90
Track 924,BTS,Hip-Hop,0.47,0.6,0.61,120.6,59
Track 925,Post Malone,K-Pop,0.54,0.35,0.65,148.1,79
Track 926,BTS,Electronic,0.89,0.55,0.85,178.2,64
Track 927,Drake,Latin,0.57,0.82,0.63,75.5,58
Track 928,Ariana Grande,Electronic,0.64,0.89,0.46,80.6,44
Track 929,Ariana Grande,Alternative,0.5,0.43,0.8,149.3,50
Track 930,Bad Bunny,Pop,0.71,0.34,0.61,101.0,54
Track 931,Ariana Grande,Alternative,0.54,0.87,0.26,90.3,47
Track 932,Billie Eilish,Indie,0.5,0.55,0.62,74.3,58
Track 933,Doja Cat,Hip-Hop,0.66,0.65,0.88,72.4,62
Track 934,Taylor Swift,Indie,0.4,0.93,0.5,155.2,66
Track 935,Bad Bunny,Latin,0.4,0.34,0.42,84.8,79
Track 936,Taylor Swift,K-Pop,0.51,0.72,0.31,121.4,71
Track 937,BTS,Electronic,0.42,0.35,0.31,136.6,65
Track 938,Taylor Swift,Alternative,0.45,0.54,0.52,117.1,66
Track 939,Taylor Swift,Alternative,0.57,0.82,0.65,73.0,58
Track 940,Bad Bunny,Latin,0.8,0.58,0.26,156.2,89
Track 941,Drake,Alternative,0.69,0.95,0.9,71.2,81
Track 942,Ed Sheeran,Latin,0.66,0.66,0.77,153.8,68
Track 943,Ariana Grande,Indie,0.55,0.51,0.64,168.3,78
Track 944,Ariana Grande,Electronic,0.87,0.44,0.82,117.6,99
Track 945,Billie Eilish,Hip-Hop,0.6,0.53,0.26,128.9,80
Track 946,Bad Bunny,K-Pop,0.44,0.54,0.56,122.5,72
Track 947,Billie Eilish,Hip-Hop,0.71,0.34,0.67,112.8,58
Track 948,Doja Cat,Indie,0.46,0.54,0.82,167.6,76
Track 949,Doja Cat,K-Pop,0.57,0.6,0.79,168.3,58
Track 950,Billie Eilish,Alternative,0.65,0.77,0.41,106.9,72
Track 951,Bad Bunny,Pop,0.84,0.73,0.91,137.7,86
Track 952,Billie Eilish,Indie,0.65,0.76,0.29,172.0,55
Track 953,Ariana Grande,Indie,0.75,0.31,0.86,175.8,62
Track 954,Post Malone,Electronic,0.9,0.44,0.93,126.0,46
Track 955,The Weeknd,Hip-Hop,0.47,0.73,0.33,119.8,65
Track 956,Taylor Swift,Indie,0.54,0.61,0.74,100.7,71
Track 957,The Weeknd,Indie,0.6,0.3,0.23,175.5,51
Track 958,Bad Bunny,Alternative,0.61,0.82,0.5,85.7,47
Track 959,The Weeknd,Alternative,0.61,0.8,0.59,133.8,44
Track 960,Doja Cat,K-Pop,0.85,0.66,0.64,101.1,81
Track 961,BTS,Latin,0.76,0.34,0.9,100.7,67
Track 962,Taylor Swift,Latin,0.7,0.8,0.7,114.5,92
Track 963,Ed Sheeran,Pop,0.55,0.68,0.56,179.9,44
Track 964,Bad Bunny,Latin,0.81,0.81,0.81,76.0,88
Track 965,Taylor Swift,Electronic,0.88,0.79,0.91,133.6,65
Track 966,The Weeknd,Pop,0.81,0.82,0.22,79.1,44
Track 967,Doja Cat,K-Pop,0.4,0.64,0.94,87.0,61
Track 968,Drake,Alternative,0.72,0.39,0.26,118.4,54
Track 969,Post Malone,Latin,0.43,0.74,0.81,126.2,52
Track 970,Ed Sheeran,Hip-Hop,0.53,0.7,0.41,98.5,67
Track 971,Post Malone,Alternative,0.43,0.78,0.3,104.8,72
Track 972,Taylor Swift,Electronic,0.7,0.41,0.53,79.6,82
Track 973,Doja Cat,Alternative,0.74,0.43,0.68,103.4,62
Track 974,Doja Cat,Electronic,0.46,0.88,0.49,176.3,72
Track 975,The Weeknd,Electronic,0.59,0.79,0.24,173.9,82
Track 976,Ariana Grande,Electronic,0.63,0.89,0.65,106.8,57
Track 977,The Weeknd,K-Pop,0.58,0.79,0.88,132.8,89
Track 978,Ariana Grande,Electronic,0.46,0.69,0.49,170.1,92
Track 979,Ariana Grande,Electronic,0.61,0.73,0.36,70.7,69
Track 980,Ed Sheeran,Hip-Hop,0.78,0.88,0.53,159.2,65
Track 981,The Weeknd,Pop,0.44,0.68,0.24,174.3,55
Track 982,Drake,Indie,0.44,0.71,0.82,80.0,52
Track 983,Billie Eilish,Pop,0.58,0.4,0.82,87.8,78
Track 984,Billie Eilish,Electronic,0.87,0.61,0.64,175.7,72
Track 985,The Weeknd,Hip-Hop,0.73,0.77,0.46,129.1,65
Track 986,The Weeknd,Alternative,0.74,0.48,0.8,71.6,87
Track 987,Post Malone,Hip-Hop,0.58,0.43,0.62,98.3,40
Track 988,Ed Sheeran,Electronic,0.7,0.5,0.82,119.5,88
Track 989,The Weeknd,Hip-Hop,0.41,0.46,0.67,146.2,77
Track 990,Post Malone,Latin,0.72,0.44,0.79,150.6,41
Track 991,Ariana Grande,Hip-Hop,0.86,0.58,0.65,179.5,88
Track 992,Doja Cat,Electronic,0.71,0.89,0.51,101.6,45
Track 993,Doja Cat,K-Pop,0.84,0.63,0.92,129.2,85
Track 994,Ariana Grande,Latin,0.76,0.42,0.61,128.7,89
Track 995,Bad Bunny,Hip-Hop,0.46,0.35,0.65,114.6,77
Track 996,Post Malone,Indie,0.85,0.75,0.37,88.6,81
Track 997,Post Malone,Indie,0.43,0.55,0.67,177.5,63
Track 998,Ariana Grande,Hip-Hop,0.67,0.83,0.63,163.9,57
Track 999,Drake,K-Pop,0.47,0.73,0.34,124.8,66
Track 1000,BTS,Alternative,0.41,0.82,0.24,136.4,80
